Modifier,LRT_Chisq,df,P_value_raw,P value
blood_units,6.735942757168232,1,0.009448928189819081,0.009
sex,4.667052582179622,1,0.030746651001580024,0.031
diabetes,2.031873719293344,1,0.1540306071130552,0.154
dialysis_days,0.9356203159100005,1,0.3334067353965745,0.333
prior_transplants_count,0.2310844780986372,1,0.6307208676998733,0.631
mismatch_score,0.22737726063496666,1,0.6334754064158815,0.633
age_years,0.10784311070983676,1,0.7426132132768443,0.743
