Model,Resid. Df,Resid. Dev,Df,Deviance,Pr(>Chi),P value
1,2320,2856.3419977585627,,,,
2,2318,2855.45261802178,2,0.8893797367827574,0.6410230467168311,0.641
