Model,Resid. Df,Resid. Dev,Df,Deviance,Pr(>Chi),P value
1,2320,1895.1437418991986,,,,
2,2318,1893.487997481033,2,1.6557444181655683,0.4369780958382241,0.437
